"DESCRIPTION","DURATION IN MS","NAME","PARENT SUITE","START TIME","STATUS","STOP TIME","SUB SUITE","SUITE","TEST CLASS","TEST METHOD"
"","230","[API] Create user should return 200_OK when send create user request with valid data. Case: 'city' length = max - 1","tests.api.user","Fri Jan 30 11:38:10 UTC 2026","passed","Fri Jan 30 11:38:10 UTC 2026","TestCreateUserApi","test_create_user","",""
"","410","[API] Update user should return 200_OK when send update user request with valid data. Case: 'address2' length = max","tests.api.user","Fri Jan 30 11:38:37 UTC 2026","passed","Fri Jan 30 11:38:37 UTC 2026","TestUpdateUserApi","test_update_user","",""
"","307","[API] Get user should return 200_OK when send get user request and user exists","tests.api.user","Fri Jan 30 11:38:17 UTC 2026","passed","Fri Jan 30 11:38:18 UTC 2026","TestGetUserApi","test_get_user","",""
"","0","[API] Create user should return 400_BAD_REQUEST when send create user request with invalid data. Case: 'zipcode' length = min - 1","tests.api.user","Fri Jan 30 11:38:15 UTC 2026","skipped","Fri Jan 30 11:38:15 UTC 2026","TestCreateUserApi","test_create_user","",""
"","0","[API] Create user should return 400_BAD_REQUEST when send create user request with invalid data. Case: 'state' is absent","tests.api.user","Fri Jan 30 11:38:15 UTC 2026","skipped","Fri Jan 30 11:38:15 UTC 2026","TestCreateUserApi","test_create_user","",""
"","0","[API] Update user should return 400_BAD_REQUEST when send update user request with invalid data. Case: 'name' length = min - 1","tests.api.user","Fri Jan 30 11:38:43 UTC 2026","skipped","Fri Jan 30 11:38:43 UTC 2026","TestUpdateUserApi","test_update_user","",""
"","233","[API] Get products should return 200_OK and contains expected product title","tests.api.product","Fri Jan 30 11:38:07 UTC 2026","passed","Fri Jan 30 11:38:07 UTC 2026","TestProductApi","test_product","",""
"","337","[API] Update user should return 200_OK when send update user request with valid data. Case: 'birth_month' = 1","tests.api.user","Fri Jan 30 11:38:29 UTC 2026","passed","Fri Jan 30 11:38:29 UTC 2026","TestUpdateUserApi","test_update_user","",""
"","0","[API] Create user should return 400_BAD_REQUEST when send create user request with invalid data. Case: 'mobile_number' length = max + 1","tests.api.user","Fri Jan 30 11:38:15 UTC 2026","skipped","Fri Jan 30 11:38:15 UTC 2026","TestCreateUserApi","test_create_user","",""
"","0","[API] Update user should return 400_BAD_REQUEST when send update user request with invalid data. Case: 'email' not contains domain","tests.api.user","Fri Jan 30 11:38:43 UTC 2026","skipped","Fri Jan 30 11:38:43 UTC 2026","TestUpdateUserApi","test_update_user","",""
"","194","[API] Create user should return 200_OK when send create user request with valid data. Case: 'city' length = min + 1","tests.api.user","Fri Jan 30 11:38:09 UTC 2026","passed","Fri Jan 30 11:38:10 UTC 2026","TestCreateUserApi","test_create_user","",""
"","157","[API] Delete user should return 404_NOT_FOUND when send delete user request and user not exists","tests.api.user","Fri Jan 30 11:38:17 UTC 2026","passed","Fri Jan 30 11:38:17 UTC 2026","TestDeleteUserApi","test_delete_user","",""
"","185","[API] Create user should return 200_OK when send create user request with valid data. Case: 'name' length = min + 1","tests.api.user","Fri Jan 30 11:38:08 UTC 2026","passed","Fri Jan 30 11:38:09 UTC 2026","TestCreateUserApi","test_create_user","",""
"","476","[API] Update user should return 200_OK when send update user request with valid data. Case: 'name' length = min + 1","tests.api.user","Fri Jan 30 11:38:20 UTC 2026","passed","Fri Jan 30 11:38:20 UTC 2026","TestUpdateUserApi","test_update_user","",""
"","0","[API] Create user should return 400_BAD_REQUEST when send create user request with invalid data. Case: 'birth_day' is absent","tests.api.user","Fri Jan 30 11:38:15 UTC 2026","skipped","Fri Jan 30 11:38:15 UTC 2026","TestCreateUserApi","test_create_user","",""
"","183","[API] Create user should return 200_OK when send create user request with valid data. Case: 'birth_month' = 1","tests.api.user","Fri Jan 30 11:38:15 UTC 2026","passed","Fri Jan 30 11:38:15 UTC 2026","TestCreateUserApi","test_create_user","",""
"","136","[API] Get csrf should return 200_OK when send get csrf request and contains csrf cookie","tests.api.auth","Fri Jan 30 11:38:05 UTC 2026","passed","Fri Jan 30 11:38:06 UTC 2026","TestAuthApi","test_auth","",""
"","0","[API] Update user should return 400_BAD_REQUEST when send update user request with invalid data. Case: 'company' is empty","tests.api.user","Fri Jan 30 11:38:43 UTC 2026","skipped","Fri Jan 30 11:38:43 UTC 2026","TestUpdateUserApi","test_update_user","",""
"","0","[API] Create user should return 400_BAD_REQUEST when send create user request with invalid data. Case: 'last_name' length = max + 1","tests.api.user","Fri Jan 30 11:38:15 UTC 2026","skipped","Fri Jan 30 11:38:15 UTC 2026","TestCreateUserApi","test_create_user","",""
"","0","[API] Update user should return 400_BAD_REQUEST when send update user request with invalid data. Case: 'email' contains multiple '@' symbols","tests.api.user","Fri Jan 30 11:38:43 UTC 2026","skipped","Fri Jan 30 11:38:43 UTC 2026","TestUpdateUserApi","test_update_user","",""
"","0","[API] Create user should return 400_BAD_REQUEST when send create user request with invalid data. Case: 'email' contains text after domain","tests.api.user","Fri Jan 30 11:38:15 UTC 2026","skipped","Fri Jan 30 11:38:15 UTC 2026","TestCreateUserApi","test_create_user","",""
"","0","[API] Create user should return 400_BAD_REQUEST when send create user request with invalid data. Case: 'zipcode' length = max + 1","tests.api.user","Fri Jan 30 11:38:15 UTC 2026","skipped","Fri Jan 30 11:38:15 UTC 2026","TestCreateUserApi","test_create_user","",""
"","401","[API] Update user should return 200_OK when send update user request with valid data. Case: 'first_name' length = min","tests.api.user","Fri Jan 30 11:38:24 UTC 2026","passed","Fri Jan 30 11:38:24 UTC 2026","TestUpdateUserApi","test_update_user","",""
"","169","[API] Create user should return 200_OK when send create user request with valid data. Case: 'last_name' length = min","tests.api.user","Fri Jan 30 11:38:11 UTC 2026","passed","Fri Jan 30 11:38:11 UTC 2026","TestCreateUserApi","test_create_user","",""
"","715","[API] Update user should return 200_OK when send update user request with valid data. Case: 'state' length = min + 1","tests.api.user","Fri Jan 30 11:38:39 UTC 2026","passed","Fri Jan 30 11:38:40 UTC 2026","TestUpdateUserApi","test_update_user","",""
"","0","[API] Update user should return 400_BAD_REQUEST when send update user request with invalid data. Case: 'city' length = min - 1","tests.api.user","Fri Jan 30 11:38:43 UTC 2026","skipped","Fri Jan 30 11:38:43 UTC 2026","TestUpdateUserApi","test_update_user","",""
"","0","[API] Update user should return 400_BAD_REQUEST when send update user request with invalid data. Case: 'email' contains mail server as ip and port","tests.api.user","Fri Jan 30 11:38:43 UTC 2026","skipped","Fri Jan 30 11:38:43 UTC 2026","TestUpdateUserApi","test_update_user","",""
"","298","[API] Update user should return 200_OK when send update user request with valid data. Case: 'company' length = max","tests.api.user","Fri Jan 30 11:38:36 UTC 2026","passed","Fri Jan 30 11:38:37 UTC 2026","TestUpdateUserApi","test_update_user","",""
"","0","[API] Create user should return 400_BAD_REQUEST when send create user request with invalid data. Case: 'first_name' is empty","tests.api.user","Fri Jan 30 11:38:15 UTC 2026","skipped","Fri Jan 30 11:38:15 UTC 2026","TestCreateUserApi","test_create_user","",""
"","322","[API] Create user should return 200_OK when send create user request with valid data. Case: 'city' length = min","tests.api.user","Fri Jan 30 11:38:09 UTC 2026","passed","Fri Jan 30 11:38:09 UTC 2026","TestCreateUserApi","test_create_user","",""
"","608","[API] Update user should return 200_OK when send update user request with valid data. Case: 'zipcode' length = max","tests.api.user","Fri Jan 30 11:38:42 UTC 2026","passed","Fri Jan 30 11:38:42 UTC 2026","TestUpdateUserApi","test_update_user","",""
"","0","[API] Update user should return 400_BAD_REQUEST when send update user request with invalid data. Case: 'address2' is empty","tests.api.user","Fri Jan 30 11:38:43 UTC 2026","skipped","Fri Jan 30 11:38:43 UTC 2026","TestUpdateUserApi","test_update_user","",""
"","178","[API] Create user should return 200_OK when send create user request with valid data. Case: 'company' length = min","tests.api.user","Fri Jan 30 11:38:17 UTC 2026","passed","Fri Jan 30 11:38:17 UTC 2026","TestCreateUserApi","test_create_user","",""
"","173","[API] Create user should return 200_OK when send create user request with valid data. Case: 'zipcode' length = max - 1","tests.api.user","Fri Jan 30 11:38:15 UTC 2026","passed","Fri Jan 30 11:38:15 UTC 2026","TestCreateUserApi","test_create_user","",""
"","466","[API] Update user should return 200_OK when send update user request with valid data. Case: 'first_name' length = min + 1","tests.api.user","Fri Jan 30 11:38:25 UTC 2026","passed","Fri Jan 30 11:38:25 UTC 2026","TestUpdateUserApi","test_update_user","",""
"","0","[API] Create user should return 400_BAD_REQUEST when send create user request with invalid data. Case: 'company' length = min - 1","tests.api.user","Fri Jan 30 11:38:15 UTC 2026","skipped","Fri Jan 30 11:38:15 UTC 2026","TestCreateUserApi","test_create_user","",""
"","0","[API] Create user should return 400_BAD_REQUEST when send create user request with invalid data. Case: 'address1' length = max + 1","tests.api.user","Fri Jan 30 11:38:15 UTC 2026","skipped","Fri Jan 30 11:38:15 UTC 2026","TestCreateUserApi","test_create_user","",""
"","213","[API] Create user should return 200_OK when send create user request with valid data. Case: 'birth_year' = 1","tests.api.user","Fri Jan 30 11:38:16 UTC 2026","passed","Fri Jan 30 11:38:16 UTC 2026","TestCreateUserApi","test_create_user","",""
"","0","[API] Create user should return 400_BAD_REQUEST when send create user request with invalid data. Case: 'birth_month' is invalid positive","tests.api.user","Fri Jan 30 11:38:15 UTC 2026","skipped","Fri Jan 30 11:38:15 UTC 2026","TestCreateUserApi","test_create_user","",""
"","632","[API] Update user should return 200_OK when send update user request with valid data. Case: 'state' length = min","tests.api.user","Fri Jan 30 11:38:38 UTC 2026","passed","Fri Jan 30 11:38:38 UTC 2026","TestUpdateUserApi","test_update_user","",""
"","0","[API] Update user should return 400_BAD_REQUEST when send update user request with invalid data. Case: 'email' contains invalid top level domain web","tests.api.user","Fri Jan 30 11:38:43 UTC 2026","skipped","Fri Jan 30 11:38:43 UTC 2026","TestUpdateUserApi","test_update_user","",""
"","0","[API] Create user should return 400_BAD_REQUEST when send create user request with invalid data. Case: 'name' is absent","tests.api.user","Fri Jan 30 11:38:15 UTC 2026","skipped","Fri Jan 30 11:38:15 UTC 2026","TestCreateUserApi","test_create_user","",""
"","0","[API] Update user should return 400_BAD_REQUEST when send update user request with invalid data. Case: 'birth_year' is invalid positive","tests.api.user","Fri Jan 30 11:38:43 UTC 2026","skipped","Fri Jan 30 11:38:43 UTC 2026","TestUpdateUserApi","test_update_user","",""
"","0","[API] Create user should return 400_BAD_REQUEST when send create user request with invalid data. Case: 'birth_year' is absent","tests.api.user","Fri Jan 30 11:38:15 UTC 2026","skipped","Fri Jan 30 11:38:15 UTC 2026","TestCreateUserApi","test_create_user","",""
"","353","[API] Create user should return 200_OK when send create user request with valid data. Case: 'state' length = min","tests.api.user","Fri Jan 30 11:38:07 UTC 2026","passed","Fri Jan 30 11:38:07 UTC 2026","TestCreateUserApi","test_create_user","",""
"","0","[API] Update user should return 400_BAD_REQUEST when send update user request with invalid data. Case: 'state' length = max + 1","tests.api.user","Fri Jan 30 11:38:43 UTC 2026","skipped","Fri Jan 30 11:38:43 UTC 2026","TestUpdateUserApi","test_update_user","",""
"","0","[API] Create user should return 400_BAD_REQUEST when send create user request with invalid data. Case: 'mobile_number' has invalid format","tests.api.user","Fri Jan 30 11:38:15 UTC 2026","skipped","Fri Jan 30 11:38:15 UTC 2026","TestCreateUserApi","test_create_user","",""
"","362","[API] Update user should return 200_OK when send update user request with valid data. Case: 'company' length = max - 1","tests.api.user","Fri Jan 30 11:38:35 UTC 2026","passed","Fri Jan 30 11:38:36 UTC 2026","TestUpdateUserApi","test_update_user","",""
"","0","[API] Update user should return 400_BAD_REQUEST when send update user request with invalid data. Case: 'email' is word","tests.api.user","Fri Jan 30 11:38:43 UTC 2026","skipped","Fri Jan 30 11:38:43 UTC 2026","TestUpdateUserApi","test_update_user","",""
"","0","[API] Update user should return 400_BAD_REQUEST when send update user request with invalid data. Case: 'mobile_number' length = max + 1","tests.api.user","Fri Jan 30 11:38:43 UTC 2026","skipped","Fri Jan 30 11:38:43 UTC 2026","TestUpdateUserApi","test_update_user","",""
"","0","[API] Update user should return 400_BAD_REQUEST when send update user request with invalid data. Case: 'birth_month' is absent","tests.api.user","Fri Jan 30 11:38:43 UTC 2026","skipped","Fri Jan 30 11:38:43 UTC 2026","TestUpdateUserApi","test_update_user","",""
"","0","[API] Update user should return 400_BAD_REQUEST when send update user request with invalid data. Case: 'mobile_number' is absent","tests.api.user","Fri Jan 30 11:38:43 UTC 2026","skipped","Fri Jan 30 11:38:43 UTC 2026","TestUpdateUserApi","test_update_user","",""
"","190","[API] Create user should return 200_OK when send create user request with valid data. Case: 'name' length = max - 1","tests.api.user","Fri Jan 30 11:38:09 UTC 2026","passed","Fri Jan 30 11:38:09 UTC 2026","TestCreateUserApi","test_create_user","",""
"","318","[API] Update user should return 200_OK when send update user request with valid data. Case: 'city' length = max - 1","tests.api.user","Fri Jan 30 11:38:45 UTC 2026","passed","Fri Jan 30 11:38:45 UTC 2026","TestUpdateUserApi","test_update_user","",""
"","187","[API] Create user should return 200_OK when send create user request with valid data. Case: 'birth_year' = 10000","tests.api.user","Fri Jan 30 11:38:17 UTC 2026","passed","Fri Jan 30 11:38:17 UTC 2026","TestCreateUserApi","test_create_user","",""
"","0","[API] Create user should return 400_BAD_REQUEST when send create user request with invalid data. Case: 'birth_month' is zero","tests.api.user","Fri Jan 30 11:38:15 UTC 2026","skipped","Fri Jan 30 11:38:15 UTC 2026","TestCreateUserApi","test_create_user","",""
"","340","[API] Create user should return 200_OK when send create user request with valid data. Case: 'address1' length = max - 1","tests.api.user","Fri Jan 30 11:38:11 UTC 2026","passed","Fri Jan 30 11:38:12 UTC 2026","TestCreateUserApi","test_create_user","",""
"","169","[API] Create user should return 200_OK when send create user request with valid data. Case: 'birth_day' = 1","tests.api.user","Fri Jan 30 11:38:14 UTC 2026","passed","Fri Jan 30 11:38:15 UTC 2026","TestCreateUserApi","test_create_user","",""
"","0","[API] Create user should return 400_BAD_REQUEST when send create user request with invalid data. Case: 'email' is word","tests.api.user","Fri Jan 30 11:38:15 UTC 2026","skipped","Fri Jan 30 11:38:15 UTC 2026","TestCreateUserApi","test_create_user","",""
"","417","[API] Update user should return 200_OK when send update user request with valid data. Case: 'address1' length = max","tests.api.user","Fri Jan 30 11:38:33 UTC 2026","passed","Fri Jan 30 11:38:33 UTC 2026","TestUpdateUserApi","test_update_user","",""
"","545","[API] Update user should return 200_OK when send update user request with valid data. Case: 'address1' length = min + 1","tests.api.user","Fri Jan 30 11:38:31 UTC 2026","passed","Fri Jan 30 11:38:31 UTC 2026","TestUpdateUserApi","test_update_user","",""
"","0","[API] Create user should return 400_BAD_REQUEST when send create user request with invalid data. Case: 'mobile_number' is empty","tests.api.user","Fri Jan 30 11:38:15 UTC 2026","skipped","Fri Jan 30 11:38:15 UTC 2026","TestCreateUserApi","test_create_user","",""
"","279","[API] Update user should return 200_OK when send update user request with valid data. Case: 'mobile_number' length = max - 1","tests.api.user","Fri Jan 30 11:38:24 UTC 2026","passed","Fri Jan 30 11:38:24 UTC 2026","TestUpdateUserApi","test_update_user","",""
"","0","[API] Update user should return 400_BAD_REQUEST when send update user request with invalid data. Case: 'email' contains '.' before dog symbol","tests.api.user","Fri Jan 30 11:38:43 UTC 2026","skipped","Fri Jan 30 11:38:43 UTC 2026","TestUpdateUserApi","test_update_user","",""
"","0","[API] Update user should return 400_BAD_REQUEST when send update user request with invalid data. Case: 'email' contains only special symbols","tests.api.user","Fri Jan 30 11:38:43 UTC 2026","skipped","Fri Jan 30 11:38:43 UTC 2026","TestUpdateUserApi","test_update_user","",""
"","0","[API] Create user should return 400_BAD_REQUEST when send create user request with invalid data. Case: 'email' contains only special symbols","tests.api.user","Fri Jan 30 11:38:15 UTC 2026","skipped","Fri Jan 30 11:38:15 UTC 2026","TestCreateUserApi","test_create_user","",""
"","0","[API] Create user should return 400_BAD_REQUEST when send create user request with invalid data. Case: 'state' length = min - 1","tests.api.user","Fri Jan 30 11:38:15 UTC 2026","skipped","Fri Jan 30 11:38:15 UTC 2026","TestCreateUserApi","test_create_user","",""
"","0","[API] Update user should return 400_BAD_REQUEST when send update user request with invalid data. Case: 'address2' length = min - 1","tests.api.user","Fri Jan 30 11:38:43 UTC 2026","skipped","Fri Jan 30 11:38:43 UTC 2026","TestUpdateUserApi","test_update_user","",""
"","0","[API] Update user should return 400_BAD_REQUEST when send update user request with invalid data. Case: 'birth_month' is zero","tests.api.user","Fri Jan 30 11:38:43 UTC 2026","skipped","Fri Jan 30 11:38:43 UTC 2026","TestUpdateUserApi","test_update_user","",""
"","330","[API] Create user should return 200_OK when send create user request with valid data. Case: 'name' length = max","tests.api.user","Fri Jan 30 11:38:09 UTC 2026","passed","Fri Jan 30 11:38:09 UTC 2026","TestCreateUserApi","test_create_user","",""
"","0","[API] Update user should return 400_BAD_REQUEST when send update user request with invalid data. Case: 'first_name' is empty","tests.api.user","Fri Jan 30 11:38:43 UTC 2026","skipped","Fri Jan 30 11:38:43 UTC 2026","TestUpdateUserApi","test_update_user","",""
"","0","[API] Update user should return 400_BAD_REQUEST when send update user request with invalid data. Case: 'birth_day' is absent","tests.api.user","Fri Jan 30 11:38:43 UTC 2026","skipped","Fri Jan 30 11:38:43 UTC 2026","TestUpdateUserApi","test_update_user","",""
"","0","[API] Update user should return 400_BAD_REQUEST when send update user request with invalid data. Case: 'mobile_number' is empty","tests.api.user","Fri Jan 30 11:38:43 UTC 2026","skipped","Fri Jan 30 11:38:43 UTC 2026","TestUpdateUserApi","test_update_user","",""
"","0","[API] Update user should return 400_BAD_REQUEST when send update user request with invalid data. Case: 'zipcode' is empty","tests.api.user","Fri Jan 30 11:38:43 UTC 2026","skipped","Fri Jan 30 11:38:43 UTC 2026","TestUpdateUserApi","test_update_user","",""
"","0","[API] Update user should return 400_BAD_REQUEST when send update user request with invalid data. Case: 'email' not contains username","tests.api.user","Fri Jan 30 11:38:43 UTC 2026","skipped","Fri Jan 30 11:38:43 UTC 2026","TestUpdateUserApi","test_update_user","",""
"","0","[API] Create user should return 400_BAD_REQUEST when send create user request with invalid data. Case: 'state' is empty","tests.api.user","Fri Jan 30 11:38:15 UTC 2026","skipped","Fri Jan 30 11:38:15 UTC 2026","TestCreateUserApi","test_create_user","",""
"","214","test_get_all_products","tests.api.product","Fri Jan 30 11:38:07 UTC 2026","passed","Fri Jan 30 11:38:07 UTC 2026","TestProductApi","test_product","",""
"","0","[API] Create user should return 400_BAD_REQUEST when send create user request with invalid data. Case: 'email' not contains domain","tests.api.user","Fri Jan 30 11:38:15 UTC 2026","skipped","Fri Jan 30 11:38:15 UTC 2026","TestCreateUserApi","test_create_user","",""
"","333","[API] Update user should return 200_OK when send update user request with valid data. Case: 'birth_year' = 10000","tests.api.user","Fri Jan 30 11:38:33 UTC 2026","passed","Fri Jan 30 11:38:33 UTC 2026","TestUpdateUserApi","test_update_user","",""
"","316","[API] Update user should return 200_OK when send update user request with valid data. Case: 'name' length = max - 1","tests.api.user","Fri Jan 30 11:38:21 UTC 2026","passed","Fri Jan 30 11:38:22 UTC 2026","TestUpdateUserApi","test_update_user","",""
"","304","[API] Update user should return 200_OK when send update user request with valid data. Case: 'city' length = min","tests.api.user","Fri Jan 30 11:38:43 UTC 2026","passed","Fri Jan 30 11:38:43 UTC 2026","TestUpdateUserApi","test_update_user","",""
"","0","[API] Update user should return 400_BAD_REQUEST when send update user request with invalid data. Case: 'city' length = max + 1","tests.api.user","Fri Jan 30 11:38:43 UTC 2026","skipped","Fri Jan 30 11:38:43 UTC 2026","TestUpdateUserApi","test_update_user","",""
"","520","[API] Update user should return 200_OK when send update user request with valid data. Case: 'mobile_number' length = max","tests.api.user","Fri Jan 30 11:38:25 UTC 2026","passed","Fri Jan 30 11:38:26 UTC 2026","TestUpdateUserApi","test_update_user","",""
"","0","[API] Update user should return 400_BAD_REQUEST when send update user request with invalid data. Case: 'city' is empty","tests.api.user","Fri Jan 30 11:38:43 UTC 2026","skipped","Fri Jan 30 11:38:43 UTC 2026","TestUpdateUserApi","test_update_user","",""
"","0","[API] Create user should return 400_BAD_REQUEST when send create user request with invalid data. Case: 'email' not contains username","tests.api.user","Fri Jan 30 11:38:15 UTC 2026","skipped","Fri Jan 30 11:38:15 UTC 2026","TestCreateUserApi","test_create_user","",""
"","521","[API] Update user should return 200_OK when send update user request with valid data. Case: 'birth_day' length = 31","tests.api.user","Fri Jan 30 11:38:28 UTC 2026","passed","Fri Jan 30 11:38:29 UTC 2026","TestUpdateUserApi","test_update_user","",""
"","0","[API] Update user should return 400_BAD_REQUEST when send update user request with invalid data. Case: 'state' is absent","tests.api.user","Fri Jan 30 11:38:43 UTC 2026","skipped","Fri Jan 30 11:38:43 UTC 2026","TestUpdateUserApi","test_update_user","",""
"","166","[API] Create user should return 200_OK when send create user request with valid data. Case: 'address2' length = min + 1","tests.api.user","Fri Jan 30 11:38:13 UTC 2026","passed","Fri Jan 30 11:38:13 UTC 2026","TestCreateUserApi","test_create_user","",""
"","0","[API] Create user should return 400_BAD_REQUEST when send create user request with invalid data. Case: 'name' length = min - 1","tests.api.user","Fri Jan 30 11:38:15 UTC 2026","skipped","Fri Jan 30 11:38:15 UTC 2026","TestCreateUserApi","test_create_user","",""
"","184","[API] Create user should return 200_OK when send create user request with valid data. Case: 'state' length = max - 1","tests.api.user","Fri Jan 30 11:38:08 UTC 2026","passed","Fri Jan 30 11:38:08 UTC 2026","TestCreateUserApi","test_create_user","",""
"","0","[API] Create user should return 400_BAD_REQUEST when send create user request with invalid data. Case: 'company' length = max + 1","tests.api.user","Fri Jan 30 11:38:15 UTC 2026","skipped","Fri Jan 30 11:38:15 UTC 2026","TestCreateUserApi","test_create_user","",""
"","0","[API] Create user should return 400_BAD_REQUEST when send create user request with invalid data. Case: 'last_name' length = min - 1","tests.api.user","Fri Jan 30 11:38:15 UTC 2026","skipped","Fri Jan 30 11:38:15 UTC 2026","TestCreateUserApi","test_create_user","",""
"","167","[API] Create user should return 200_OK when send create user request with valid data. Case: 'first_name' length = max - 1","tests.api.user","Fri Jan 30 11:38:11 UTC 2026","passed","Fri Jan 30 11:38:11 UTC 2026","TestCreateUserApi","test_create_user","",""
"","345","[API] Update user should return 200_OK when send update user request with valid data. Case: 'last_name' length = min","tests.api.user","Fri Jan 30 11:38:28 UTC 2026","passed","Fri Jan 30 11:38:28 UTC 2026","TestUpdateUserApi","test_update_user","",""
"","0","[API] Update user should return 400_BAD_REQUEST when send update user request with invalid data. Case: 'birth_year' is absent","tests.api.user","Fri Jan 30 11:38:43 UTC 2026","skipped","Fri Jan 30 11:38:43 UTC 2026","TestUpdateUserApi","test_update_user","",""
"","0","[API] Create user should return 400_BAD_REQUEST when send create user request with invalid data. Case: 'birth_month' is absent","tests.api.user","Fri Jan 30 11:38:15 UTC 2026","skipped","Fri Jan 30 11:38:15 UTC 2026","TestCreateUserApi","test_create_user","",""
"","0","[API] Update user should return 400_BAD_REQUEST when send update user request with invalid data. Case: 'city' is absent","tests.api.user","Fri Jan 30 11:38:43 UTC 2026","skipped","Fri Jan 30 11:38:43 UTC 2026","TestUpdateUserApi","test_update_user","",""
"","0","[API] Update user should return 400_BAD_REQUEST when send update user request with invalid data. Case: 'email' contains text before username","tests.api.user","Fri Jan 30 11:38:43 UTC 2026","skipped","Fri Jan 30 11:38:43 UTC 2026","TestUpdateUserApi","test_update_user","",""
"","0","[API] Create user should return 400_BAD_REQUEST when send create user request with invalid data. Case: 'email' contains domain with one letter","tests.api.user","Fri Jan 30 11:38:15 UTC 2026","skipped","Fri Jan 30 11:38:15 UTC 2026","TestCreateUserApi","test_create_user","",""
"","0","[API] Create user should return 400_BAD_REQUEST when send create user request with invalid data. Case: 'city' length = max + 1","tests.api.user","Fri Jan 30 11:38:15 UTC 2026","skipped","Fri Jan 30 11:38:15 UTC 2026","TestCreateUserApi","test_create_user","",""
"","0","[API] Update user should return 400_BAD_REQUEST when send update user request with invalid data. Case: 'mobile_number' has invalid format","tests.api.user","Fri Jan 30 11:38:43 UTC 2026","skipped","Fri Jan 30 11:38:43 UTC 2026","TestUpdateUserApi","test_update_user","",""
"","178","[API] Create user should return 200_OK when send create user request with valid data. Case: 'address1' length = max","tests.api.user","Fri Jan 30 11:38:12 UTC 2026","passed","Fri Jan 30 11:38:12 UTC 2026","TestCreateUserApi","test_create_user","",""
"","0","[API] Create user should return 400_BAD_REQUEST when send create user request with invalid data. Case: 'city' is absent","tests.api.user","Fri Jan 30 11:38:15 UTC 2026","skipped","Fri Jan 30 11:38:15 UTC 2026","TestCreateUserApi","test_create_user","",""
"","283","[API] Update user should return 200_OK when send update user request with valid data. Case: 'address1' length = max - 1","tests.api.user","Fri Jan 30 11:38:32 UTC 2026","passed","Fri Jan 30 11:38:32 UTC 2026","TestUpdateUserApi","test_update_user","",""
"","417","[API] Update user should return 200_OK when send update user request with valid data. Case: 'birth_month' = 12","tests.api.user","Fri Jan 30 11:38:30 UTC 2026","passed","Fri Jan 30 11:38:31 UTC 2026","TestUpdateUserApi","test_update_user","",""
"","231","[API] Delete user should return 200_OK when send delete user request and user exists","tests.api.user","Fri Jan 30 11:38:16 UTC 2026","passed","Fri Jan 30 11:38:17 UTC 2026","TestDeleteUserApi","test_delete_user","",""
"","183","[API] Create user should return 200_OK when send create user request with valid data. Case: 'last_name' length = min + 1","tests.api.user","Fri Jan 30 11:38:12 UTC 2026","passed","Fri Jan 30 11:38:12 UTC 2026","TestCreateUserApi","test_create_user","",""
"","0","[API] Create user should return 400_BAD_REQUEST when send create user request with invalid data. Case: 'last_name' is absent","tests.api.user","Fri Jan 30 11:38:15 UTC 2026","skipped","Fri Jan 30 11:38:15 UTC 2026","TestCreateUserApi","test_create_user","",""
"","312","[API] Create user should return 200_OK when send create user request with valid data. Case: 'company' length = min + 1","tests.api.user","Fri Jan 30 11:38:17 UTC 2026","passed","Fri Jan 30 11:38:18 UTC 2026","TestCreateUserApi","test_create_user","",""
"","0","[API] Create user should return 400_BAD_REQUEST when send create user request with invalid data. Case: 'email' contains invalid top level domain web","tests.api.user","Fri Jan 30 11:38:15 UTC 2026","skipped","Fri Jan 30 11:38:15 UTC 2026","TestCreateUserApi","test_create_user","",""
"","160","[API] Create user should return 200_OK when send create user request with valid data. Case: 'mobile_number' length = max","tests.api.user","Fri Jan 30 11:38:14 UTC 2026","passed","Fri Jan 30 11:38:14 UTC 2026","TestCreateUserApi","test_create_user","",""
"","0","[API] Create user should return 400_BAD_REQUEST when send create user request with invalid data. Case: 'address2' is empty","tests.api.user","Fri Jan 30 11:38:15 UTC 2026","skipped","Fri Jan 30 11:38:15 UTC 2026","TestCreateUserApi","test_create_user","",""
"","0","[API] Update user should return 400_BAD_REQUEST when send update user request with invalid data. Case: 'name' is empty","tests.api.user","Fri Jan 30 11:38:43 UTC 2026","skipped","Fri Jan 30 11:38:43 UTC 2026","TestUpdateUserApi","test_update_user","",""
"","329","[API] Update user should return 200_OK when send update user request with valid data. Case: 'city' length = max","tests.api.user","Fri Jan 30 11:38:46 UTC 2026","passed","Fri Jan 30 11:38:46 UTC 2026","TestUpdateUserApi","test_update_user","",""
"","0","[API] Update user should return 400_BAD_REQUEST when send update user request with invalid data. Case: 'email' not contains '@' symbol","tests.api.user","Fri Jan 30 11:38:43 UTC 2026","skipped","Fri Jan 30 11:38:43 UTC 2026","TestUpdateUserApi","test_update_user","",""
"","386","[API] Update user should return 200_OK when send update user request with valid data. Case: 'city' length = min + 1","tests.api.user","Fri Jan 30 11:38:44 UTC 2026","passed","Fri Jan 30 11:38:44 UTC 2026","TestUpdateUserApi","test_update_user","",""
"","328","[API] Create user should return 200_OK when send create user request with valid data. Case: 'company' length = max - 1","tests.api.user","Fri Jan 30 11:38:05 UTC 2026","passed","Fri Jan 30 11:38:06 UTC 2026","TestCreateUserApi","test_create_user","",""
"","0","[API] Update user should return 400_BAD_REQUEST when send update user request with invalid data. Case: 'name' length = max + 1","tests.api.user","Fri Jan 30 11:38:43 UTC 2026","skipped","Fri Jan 30 11:38:43 UTC 2026","TestUpdateUserApi","test_update_user","",""
"","0","[API] Create user should return 400_BAD_REQUEST when send create user request with invalid data. Case: 'company' is empty","tests.api.user","Fri Jan 30 11:38:15 UTC 2026","skipped","Fri Jan 30 11:38:15 UTC 2026","TestCreateUserApi","test_create_user","",""
"","0","[API] Create user should return 400_BAD_REQUEST when send create user request with invalid data. Case: 'email' not contains '@' symbol","tests.api.user","Fri Jan 30 11:38:15 UTC 2026","skipped","Fri Jan 30 11:38:15 UTC 2026","TestCreateUserApi","test_create_user","",""
"","781","[API] Login should return 200_OK when send login request with valid data and contains csrf cookie","tests.api.auth","Fri Jan 30 11:38:06 UTC 2026","passed","Fri Jan 30 11:38:06 UTC 2026","TestAuthApi","test_auth","",""
"","165","[API] Create user should return 200_OK when send create user request with valid data. Case: 'address1' length = min","tests.api.user","Fri Jan 30 11:38:11 UTC 2026","passed","Fri Jan 30 11:38:11 UTC 2026","TestCreateUserApi","test_create_user","",""
"","170","[API] Create user should return 200_OK when send create user request with valid data. Case: 'mobile_number' length = min + 1","tests.api.user","Fri Jan 30 11:38:13 UTC 2026","passed","Fri Jan 30 11:38:13 UTC 2026","TestCreateUserApi","test_create_user","",""
"","178","[API] Create user should return 200_OK when send create user request with valid data. Case: 'address2' length = max","tests.api.user","Fri Jan 30 11:38:13 UTC 2026","passed","Fri Jan 30 11:38:14 UTC 2026","TestCreateUserApi","test_create_user","",""
"","763","[API] Update user should return 200_OK when send update user request with valid data. Case: 'first_name' length = max","tests.api.user","Fri Jan 30 11:38:27 UTC 2026","passed","Fri Jan 30 11:38:28 UTC 2026","TestUpdateUserApi","test_update_user","",""
"","0","[API] Create user should return 400_BAD_REQUEST when send create user request with invalid data. Case: 'address2' length = max + 1","tests.api.user","Fri Jan 30 11:38:15 UTC 2026","skipped","Fri Jan 30 11:38:15 UTC 2026","TestCreateUserApi","test_create_user","",""
"","0","[API] Update user should return 400_BAD_REQUEST when send update user request with invalid data. Case: 'birth_day' is zero","tests.api.user","Fri Jan 30 11:38:43 UTC 2026","skipped","Fri Jan 30 11:38:43 UTC 2026","TestUpdateUserApi","test_update_user","",""
"","154","Should return user exists when user exists with email and password","tests.api.user","Fri Jan 30 11:38:43 UTC 2026","passed","Fri Jan 30 11:38:44 UTC 2026","TestVerifyLoginApi","test_verify_login","",""
"","163","[API] Create user should return 200_OK when send create user request with valid data. Case: 'address2' length = max - 1","tests.api.user","Fri Jan 30 11:38:13 UTC 2026","passed","Fri Jan 30 11:38:13 UTC 2026","TestCreateUserApi","test_create_user","",""
"","593","[API] Update user should return 200_OK when send update user request with valid data. Case: 'state' length = max - 1","tests.api.user","Fri Jan 30 11:38:40 UTC 2026","passed","Fri Jan 30 11:38:41 UTC 2026","TestUpdateUserApi","test_update_user","",""
"","173","[API] Create user should return 200_OK when send create user request with valid data. Case: 'first_name' length = min + 1","tests.api.user","Fri Jan 30 11:38:10 UTC 2026","passed","Fri Jan 30 11:38:10 UTC 2026","TestCreateUserApi","test_create_user","",""
"","0","[API] Update user should return 400_BAD_REQUEST when send update user request with invalid data. Case: 'company' length = min - 1","tests.api.user","Fri Jan 30 11:38:43 UTC 2026","skipped","Fri Jan 30 11:38:43 UTC 2026","TestUpdateUserApi","test_update_user","",""
"","162","[API] Create user should return 200_OK when send create user request with valid data. Case: 'mobile_number' length = min","tests.api.user","Fri Jan 30 11:38:13 UTC 2026","passed","Fri Jan 30 11:38:13 UTC 2026","TestCreateUserApi","test_create_user","",""
"","167","[API] Create user should return 200_OK when send create user request with valid data. Case: 'address2' length = min","tests.api.user","Fri Jan 30 11:38:12 UTC 2026","passed","Fri Jan 30 11:38:12 UTC 2026","TestCreateUserApi","test_create_user","",""
"","338","[API] Update user should return 200_OK when send update user request with valid data. Case: 'state' length = max","tests.api.user","Fri Jan 30 11:38:42 UTC 2026","passed","Fri Jan 30 11:38:42 UTC 2026","TestUpdateUserApi","test_update_user","",""
"","0","[API] Update user should return 400_BAD_REQUEST when send update user request with invalid data. Case: 'birth_day' is negative","tests.api.user","Fri Jan 30 11:38:43 UTC 2026","skipped","Fri Jan 30 11:38:43 UTC 2026","TestUpdateUserApi","test_update_user","",""
"","0","[API] Update user should return 400_BAD_REQUEST when send update user request with invalid data. Case: 'mobile_number' length = min - 1","tests.api.user","Fri Jan 30 11:38:43 UTC 2026","skipped","Fri Jan 30 11:38:43 UTC 2026","TestUpdateUserApi","test_update_user","",""
"","310","[API] Update user should return 200_OK when send update user request with valid data. Case: 'mobile_number' length = min","tests.api.user","Fri Jan 30 11:38:22 UTC 2026","passed","Fri Jan 30 11:38:22 UTC 2026","TestUpdateUserApi","test_update_user","",""
"","407","[API] Update user should return 200_OK when send update user request with valid data. Case: 'first_name' length = max - 1","tests.api.user","Fri Jan 30 11:38:26 UTC 2026","passed","Fri Jan 30 11:38:26 UTC 2026","TestUpdateUserApi","test_update_user","",""
"","0","[API] Update user should return 400_BAD_REQUEST when send update user request with invalid data. Case: 'birth_year' is negative","tests.api.user","Fri Jan 30 11:38:43 UTC 2026","skipped","Fri Jan 30 11:38:43 UTC 2026","TestUpdateUserApi","test_update_user","",""
"","0","[API] Update user should return 400_BAD_REQUEST when send update user request with invalid data. Case: 'first_name' length = max + 1","tests.api.user","Fri Jan 30 11:38:43 UTC 2026","skipped","Fri Jan 30 11:38:43 UTC 2026","TestUpdateUserApi","test_update_user","",""
"","0","[API] Create user should return 400_BAD_REQUEST when send create user request with invalid data. Case: 'first_name' length = min - 1","tests.api.user","Fri Jan 30 11:38:15 UTC 2026","skipped","Fri Jan 30 11:38:15 UTC 2026","TestCreateUserApi","test_create_user","",""
"","591","[API] Update user should return 200_OK when send update user request with valid data. Case: 'last_name' length = max","tests.api.user","Fri Jan 30 11:38:20 UTC 2026","passed","Fri Jan 30 11:38:21 UTC 2026","TestUpdateUserApi","test_update_user","",""
"","679","[API] Update user should return 200_OK when send update user request with valid data. Case: 'zipcode' length = min","tests.api.user","Fri Jan 30 11:38:38 UTC 2026","passed","Fri Jan 30 11:38:38 UTC 2026","TestUpdateUserApi","test_update_user","",""
"","0","[API] Create user should return 400_BAD_REQUEST when send create user request with invalid data. Case: 'zipcode' has invalid format","tests.api.user","Fri Jan 30 11:38:15 UTC 2026","skipped","Fri Jan 30 11:38:15 UTC 2026","TestCreateUserApi","test_create_user","",""
"","0","[API] Create user should return 400_BAD_REQUEST when send create user request with invalid data. Case: 'mobile_number' length = min - 1","tests.api.user","Fri Jan 30 11:38:15 UTC 2026","skipped","Fri Jan 30 11:38:15 UTC 2026","TestCreateUserApi","test_create_user","",""
"","0","[API] Update user should return 400_BAD_REQUEST when send update user request with invalid data. Case: 'address1' is absent","tests.api.user","Fri Jan 30 11:38:43 UTC 2026","skipped","Fri Jan 30 11:38:43 UTC 2026","TestUpdateUserApi","test_update_user","",""
"","158","[API] Create user should return 200_OK when send create user request with valid data. Case: 'zipcode' length = min + 1","tests.api.user","Fri Jan 30 11:38:14 UTC 2026","passed","Fri Jan 30 11:38:14 UTC 2026","TestCreateUserApi","test_create_user","",""
"","0","[API] Create user should return 400_BAD_REQUEST when send create user request with invalid data. Case: 'email' contains text before username","tests.api.user","Fri Jan 30 11:38:15 UTC 2026","skipped","Fri Jan 30 11:38:15 UTC 2026","TestCreateUserApi","test_create_user","",""
"","0","[API] Create user should return 400_BAD_REQUEST when send create user request with invalid data. Case: 'address1' is empty","tests.api.user","Fri Jan 30 11:38:15 UTC 2026","skipped","Fri Jan 30 11:38:15 UTC 2026","TestCreateUserApi","test_create_user","",""
"","0","[API] Update user should return 400_BAD_REQUEST when send update user request with invalid data. Case: 'last_name' is absent","tests.api.user","Fri Jan 30 11:38:43 UTC 2026","skipped","Fri Jan 30 11:38:43 UTC 2026","TestUpdateUserApi","test_update_user","",""
"","162","[API] Create user should return 200_OK when send create user request with valid data. Case: 'birth_day' length = 31","tests.api.user","Fri Jan 30 11:38:15 UTC 2026","passed","Fri Jan 30 11:38:15 UTC 2026","TestCreateUserApi","test_create_user","",""
"","157","Should return user not found when user password invalid","tests.api.user","Fri Jan 30 11:38:44 UTC 2026","passed","Fri Jan 30 11:38:44 UTC 2026","TestVerifyLoginApi","test_verify_login","",""
"","358","[API] Create user should return 200_OK when send create user request with valid data. Case: 'state' length = max","tests.api.user","Fri Jan 30 11:38:08 UTC 2026","passed","Fri Jan 30 11:38:09 UTC 2026","TestCreateUserApi","test_create_user","",""
"","322","[API] Create user should return 200_OK when send create user request with valid data. Case: 'birth_month' = 12","tests.api.user","Fri Jan 30 11:38:16 UTC 2026","passed","Fri Jan 30 11:38:16 UTC 2026","TestCreateUserApi","test_create_user","",""
"","0","[API] Create user should return 400_BAD_REQUEST when send create user request with invalid data. Case: 'birth_year' is zero","tests.api.user","Fri Jan 30 11:38:15 UTC 2026","skipped","Fri Jan 30 11:38:15 UTC 2026","TestCreateUserApi","test_create_user","",""
"","171","[API] Update user should return 404_BAD_REQUEST when send update user request with not existing email","tests.api.user","Fri Jan 30 11:38:43 UTC 2026","passed","Fri Jan 30 11:38:43 UTC 2026","TestUpdateUserApi","test_update_user","",""
"","0","[API] Update user should return 400_BAD_REQUEST when send update user request with invalid data. Case: 'last_name' length = min - 1","tests.api.user","Fri Jan 30 11:38:43 UTC 2026","skipped","Fri Jan 30 11:38:43 UTC 2026","TestUpdateUserApi","test_update_user","",""
"","390","[API] Update user should return 200_OK when send update user request with valid data. Case: 'name' length = max","tests.api.user","Fri Jan 30 11:38:22 UTC 2026","passed","Fri Jan 30 11:38:23 UTC 2026","TestUpdateUserApi","test_update_user","",""
"","0","[API] Create user should return 400_BAD_REQUEST when send create user request with invalid data. Case: 'email' contains '.' before dog symbol","tests.api.user","Fri Jan 30 11:38:15 UTC 2026","skipped","Fri Jan 30 11:38:15 UTC 2026","TestCreateUserApi","test_create_user","",""
"","0","[API] Create user should return 400_BAD_REQUEST when send create user request with invalid data. Case: 'address1' length = min - 1","tests.api.user","Fri Jan 30 11:38:15 UTC 2026","skipped","Fri Jan 30 11:38:15 UTC 2026","TestCreateUserApi","test_create_user","",""
"","0","[API] Update user should return 400_BAD_REQUEST when send update user request with invalid data. Case: 'last_name' length = max + 1","tests.api.user","Fri Jan 30 11:38:43 UTC 2026","skipped","Fri Jan 30 11:38:43 UTC 2026","TestUpdateUserApi","test_update_user","",""
"","176","[API] Create user should return 200_OK when send create user request with valid data. Case: 'mobile_number' length = max - 1","tests.api.user","Fri Jan 30 11:38:14 UTC 2026","passed","Fri Jan 30 11:38:14 UTC 2026","TestCreateUserApi","test_create_user","",""
"","188","[API] Create user should return 200_OK when send create user request with valid data. Case: 'zipcode' length = min","tests.api.user","Fri Jan 30 11:38:14 UTC 2026","passed","Fri Jan 30 11:38:14 UTC 2026","TestCreateUserApi","test_create_user","",""
"","0","[API] Create user should return 400_BAD_REQUEST when send create user request with invalid data. Case: 'zipcode' is empty","tests.api.user","Fri Jan 30 11:38:15 UTC 2026","skipped","Fri Jan 30 11:38:15 UTC 2026","TestCreateUserApi","test_create_user","",""
"","0","[API] Create user should return 400_BAD_REQUEST when send create user request with invalid data. Case: 'email' contains mail server as ip and port","tests.api.user","Fri Jan 30 11:38:15 UTC 2026","skipped","Fri Jan 30 11:38:15 UTC 2026","TestCreateUserApi","test_create_user","",""
"","0","[API] Update user should return 400_BAD_REQUEST when send update user request with invalid data. Case: 'first_name' length = min - 1","tests.api.user","Fri Jan 30 11:38:43 UTC 2026","skipped","Fri Jan 30 11:38:43 UTC 2026","TestUpdateUserApi","test_update_user","",""
"","0","[API] Update user should return 400_BAD_REQUEST when send update user request with invalid data. Case: 'birth_year' is zero","tests.api.user","Fri Jan 30 11:38:43 UTC 2026","skipped","Fri Jan 30 11:38:43 UTC 2026","TestUpdateUserApi","test_update_user","",""
"","0","[API] Create user should return 400_BAD_REQUEST when send create user request with invalid data. Case: 'birth_day' is invalid positive","tests.api.user","Fri Jan 30 11:38:15 UTC 2026","skipped","Fri Jan 30 11:38:15 UTC 2026","TestCreateUserApi","test_create_user","",""
"","268","[API] Get user should return 404_NOT_FOUND when send get user request and user not exists","tests.api.user","Fri Jan 30 11:38:18 UTC 2026","passed","Fri Jan 30 11:38:18 UTC 2026","TestGetUserApi","test_get_user","",""
"","0","[API] Update user should return 400_BAD_REQUEST when send update user request with invalid data. Case: 'birth_day' is invalid positive","tests.api.user","Fri Jan 30 11:38:43 UTC 2026","skipped","Fri Jan 30 11:38:43 UTC 2026","TestUpdateUserApi","test_update_user","",""
"","178","[API] Create user should return 200_OK when send create user request with valid data. Case: 'city' length = max","tests.api.user","Fri Jan 30 11:38:10 UTC 2026","passed","Fri Jan 30 11:38:10 UTC 2026","TestCreateUserApi","test_create_user","",""
"","0","[API] Create user should return 400_BAD_REQUEST when send create user request with invalid data. Case: 'name' length = max + 1","tests.api.user","Fri Jan 30 11:38:15 UTC 2026","skipped","Fri Jan 30 11:38:15 UTC 2026","TestCreateUserApi","test_create_user","",""
"","0","[API] Update user should return 400_BAD_REQUEST when send update user request with invalid data. Case: 'state' is empty","tests.api.user","Fri Jan 30 11:38:43 UTC 2026","skipped","Fri Jan 30 11:38:43 UTC 2026","TestUpdateUserApi","test_update_user","",""
"","351","[API] Update user should return 200_OK when send update user request with valid data. Case: 'last_name' length = min + 1","tests.api.user","Fri Jan 30 11:38:18 UTC 2026","passed","Fri Jan 30 11:38:19 UTC 2026","TestUpdateUserApi","test_update_user","",""
"","312","[API] Update user should return 200_OK when send update user request with valid data. Case: 'last_name' length = max - 1","tests.api.user","Fri Jan 30 11:38:20 UTC 2026","passed","Fri Jan 30 11:38:20 UTC 2026","TestUpdateUserApi","test_update_user","",""
"","297","[API] Update user should return 200_OK when send update user request with valid data. Case: 'name' length = min","tests.api.user","Fri Jan 30 11:38:19 UTC 2026","passed","Fri Jan 30 11:38:19 UTC 2026","TestUpdateUserApi","test_update_user","",""
"","162","[API] Create user should return 200_OK when send create user request with valid data. Case: 'last_name' length = max - 1","tests.api.user","Fri Jan 30 11:38:12 UTC 2026","passed","Fri Jan 30 11:38:12 UTC 2026","TestCreateUserApi","test_create_user","",""
"","0","[API] Update user should return 400_BAD_REQUEST when send update user request with invalid data. Case: 'birth_month' is negative","tests.api.user","Fri Jan 30 11:38:43 UTC 2026","skipped","Fri Jan 30 11:38:43 UTC 2026","TestUpdateUserApi","test_update_user","",""
"","0","[API] Update user should return 400_BAD_REQUEST when send update user request with invalid data. Case: 'last_name' is empty","tests.api.user","Fri Jan 30 11:38:43 UTC 2026","skipped","Fri Jan 30 11:38:43 UTC 2026","TestUpdateUserApi","test_update_user","",""
"","483","[API] Update user should return 200_OK when send update user request with valid data. Case: 'address2' length = max - 1","tests.api.user","Fri Jan 30 11:38:35 UTC 2026","passed","Fri Jan 30 11:38:36 UTC 2026","TestUpdateUserApi","test_update_user","",""
"","0","[API] Create user should return 400_BAD_REQUEST when send create user request with invalid data. Case: 'first_name' is absent","tests.api.user","Fri Jan 30 11:38:15 UTC 2026","skipped","Fri Jan 30 11:38:15 UTC 2026","TestCreateUserApi","test_create_user","",""
"","176","[API] Create user should return 200_OK when send create user request with valid data. Case: 'state' length = min + 1","tests.api.user","Fri Jan 30 11:38:07 UTC 2026","passed","Fri Jan 30 11:38:08 UTC 2026","TestCreateUserApi","test_create_user","",""
"","174","[API] Create user should return 200_OK when send create user request with valid data. Case: 'first_name' length = max","tests.api.user","Fri Jan 30 11:38:11 UTC 2026","passed","Fri Jan 30 11:38:11 UTC 2026","TestCreateUserApi","test_create_user","",""
"","0","[API] Create user should return 400_BAD_REQUEST when send create user request with invalid data. Case: 'first_name' length = max + 1","tests.api.user","Fri Jan 30 11:38:15 UTC 2026","skipped","Fri Jan 30 11:38:15 UTC 2026","TestCreateUserApi","test_create_user","",""
"","309","[API] Update user should return 200_OK when send update user request with valid data. Case: 'company' length = min","tests.api.user","Fri Jan 30 11:38:33 UTC 2026","passed","Fri Jan 30 11:38:34 UTC 2026","TestUpdateUserApi","test_update_user","",""
"","0","[API] Update user should return 400_BAD_REQUEST when send update user request with invalid data. Case: 'email' contains '-' after '@'","tests.api.user","Fri Jan 30 11:38:43 UTC 2026","skipped","Fri Jan 30 11:38:43 UTC 2026","TestUpdateUserApi","test_update_user","",""
"","393","Get brands should return 200_OK when send get brands request","tests.api.brand","Fri Jan 30 11:38:06 UTC 2026","passed","Fri Jan 30 11:38:07 UTC 2026","TestBrandApi","test_brand","",""
"","0","[API] Update user should return 400_BAD_REQUEST when send update user request with invalid data. Case: 'email' is empty","tests.api.user","Fri Jan 30 11:38:43 UTC 2026","skipped","Fri Jan 30 11:38:43 UTC 2026","TestUpdateUserApi","test_update_user","",""
"","0","[API] Update user should return 400_BAD_REQUEST when send update user request with invalid data. Case: 'state' length = min - 1","tests.api.user","Fri Jan 30 11:38:43 UTC 2026","skipped","Fri Jan 30 11:38:43 UTC 2026","TestUpdateUserApi","test_update_user","",""
"","0","[API] Create user should return 400_BAD_REQUEST when send create user request with invalid data. Case: 'email' contains multiple '@' symbols","tests.api.user","Fri Jan 30 11:38:15 UTC 2026","skipped","Fri Jan 30 11:38:15 UTC 2026","TestCreateUserApi","test_create_user","",""
"","0","[API] Create user should return 400_BAD_REQUEST when send create user request with invalid data. Case: 'email' contains '-' after '@'","tests.api.user","Fri Jan 30 11:38:15 UTC 2026","skipped","Fri Jan 30 11:38:15 UTC 2026","TestCreateUserApi","test_create_user","",""
"","0","[API] Create user should return 400_BAD_REQUEST when send create user request with invalid data. Case: 'birth_day' is negative","tests.api.user","Fri Jan 30 11:38:15 UTC 2026","skipped","Fri Jan 30 11:38:15 UTC 2026","TestCreateUserApi","test_create_user","",""
"","335","test_search_products_returns_empty_array","tests.api.product","Fri Jan 30 11:38:08 UTC 2026","passed","Fri Jan 30 11:38:08 UTC 2026","TestProductApi","test_product","",""
"","0","[API] Create user should return 400_BAD_REQUEST when send create user request with invalid data. Case: 'zipcode' is absent","tests.api.user","Fri Jan 30 11:38:15 UTC 2026","skipped","Fri Jan 30 11:38:15 UTC 2026","TestCreateUserApi","test_create_user","",""
"","0","[API] Update user should return 400_BAD_REQUEST when send update user request with invalid data. Case: 'name' is absent","tests.api.user","Fri Jan 30 11:38:43 UTC 2026","skipped","Fri Jan 30 11:38:43 UTC 2026","TestUpdateUserApi","test_update_user","",""
"","956","[API] Update user should return 200_OK when send update user request with valid data. Case: 'address1' length = min","tests.api.user","Fri Jan 30 11:38:29 UTC 2026","passed","Fri Jan 30 11:38:30 UTC 2026","TestUpdateUserApi","test_update_user","",""
"","0","[API] Create user should return 400_BAD_REQUEST when send create user request with invalid data. Case: 'last_name' is empty","tests.api.user","Fri Jan 30 11:38:15 UTC 2026","skipped","Fri Jan 30 11:38:15 UTC 2026","TestCreateUserApi","test_create_user","",""
"","0","[API] Update user should return 400_BAD_REQUEST when send update user request with invalid data. Case: 'zipcode' length = max + 1","tests.api.user","Fri Jan 30 11:38:43 UTC 2026","skipped","Fri Jan 30 11:38:43 UTC 2026","TestUpdateUserApi","test_update_user","",""
"","194","[API] Create user should return 200_OK when send create user request with valid data. Case: 'first_name' length = min","tests.api.user","Fri Jan 30 11:38:10 UTC 2026","passed","Fri Jan 30 11:38:10 UTC 2026","TestCreateUserApi","test_create_user","",""
"","0","[API] Update user should return 400_BAD_REQUEST when send update user request with invalid data. Case: 'zipcode' has invalid format","tests.api.user","Fri Jan 30 11:38:43 UTC 2026","skipped","Fri Jan 30 11:38:43 UTC 2026","TestUpdateUserApi","test_update_user","",""
"","0","[API] Create user should return 400_BAD_REQUEST when send create user request with invalid data. Case: 'birth_day' is zero","tests.api.user","Fri Jan 30 11:38:15 UTC 2026","skipped","Fri Jan 30 11:38:15 UTC 2026","TestCreateUserApi","test_create_user","",""
"","496","[API] Update user should return 200_OK when send update user request with valid data. Case: 'mobile_number' length = min + 1","tests.api.user","Fri Jan 30 11:38:23 UTC 2026","passed","Fri Jan 30 11:38:24 UTC 2026","TestUpdateUserApi","test_update_user","",""
"","0","[API] Create user should return 400_BAD_REQUEST when send create user request with invalid data. Case: 'name' is empty","tests.api.user","Fri Jan 30 11:38:15 UTC 2026","skipped","Fri Jan 30 11:38:15 UTC 2026","TestCreateUserApi","test_create_user","",""
"","488","[API] Update user should return 200_OK when send update user request with valid data. Case: 'birth_day' = 1","tests.api.user","Fri Jan 30 11:38:26 UTC 2026","passed","Fri Jan 30 11:38:27 UTC 2026","TestUpdateUserApi","test_update_user","",""
"","0","[API] Update user should return 400_BAD_REQUEST when send update user request with invalid data. Case: 'email' contains username hieroglyphs instead of username","tests.api.user","Fri Jan 30 11:38:43 UTC 2026","skipped","Fri Jan 30 11:38:43 UTC 2026","TestUpdateUserApi","test_update_user","",""
"","366","[API] Create user should return 200_OK when send create user request with valid data. Case: 'company' length = max","tests.api.user","Fri Jan 30 11:38:06 UTC 2026","passed","Fri Jan 30 11:38:07 UTC 2026","TestCreateUserApi","test_create_user","",""
"","0","[API] Create user should return 400_BAD_REQUEST when send create user request with invalid data. Case: 'state' length = max + 1","tests.api.user","Fri Jan 30 11:38:15 UTC 2026","skipped","Fri Jan 30 11:38:15 UTC 2026","TestCreateUserApi","test_create_user","",""
"","0","[API] Create user should return 400_BAD_REQUEST when send create user request with invalid data. Case: 'birth_year' is negative","tests.api.user","Fri Jan 30 11:38:15 UTC 2026","skipped","Fri Jan 30 11:38:15 UTC 2026","TestCreateUserApi","test_create_user","",""
"","174","[API] Create user should return 200_OK when send create user request with valid data. Case: 'address1' length = min + 1","tests.api.user","Fri Jan 30 11:38:11 UTC 2026","passed","Fri Jan 30 11:38:11 UTC 2026","TestCreateUserApi","test_create_user","",""
"","0","[API] Create user should return 400_BAD_REQUEST when send create user request with invalid data. Case: 'email' contains username hieroglyphs instead of username","tests.api.user","Fri Jan 30 11:38:15 UTC 2026","skipped","Fri Jan 30 11:38:15 UTC 2026","TestCreateUserApi","test_create_user","",""
"","0","[API] Create user should return 400_BAD_REQUEST when send create user request with invalid data. Case: 'address1' is absent","tests.api.user","Fri Jan 30 11:38:15 UTC 2026","skipped","Fri Jan 30 11:38:15 UTC 2026","TestCreateUserApi","test_create_user","",""
"","179","[API] Create user should return 200_OK when send create user request with valid data. Case: 'name' length = min","tests.api.user","Fri Jan 30 11:38:08 UTC 2026","passed","Fri Jan 30 11:38:08 UTC 2026","TestCreateUserApi","test_create_user","",""
"","0","[API] Create user should return 400_BAD_REQUEST when send create user request with invalid data. Case: 'city' is empty","tests.api.user","Fri Jan 30 11:38:15 UTC 2026","skipped","Fri Jan 30 11:38:15 UTC 2026","TestCreateUserApi","test_create_user","",""
"","693","[API] Update user should return 200_OK when send update user request with valid data. Case: 'birth_year' = 1","tests.api.user","Fri Jan 30 11:38:31 UTC 2026","passed","Fri Jan 30 11:38:32 UTC 2026","TestUpdateUserApi","test_update_user","",""
"","0","[API] Update user should return 400_BAD_REQUEST when send update user request with invalid data. Case: 'address2' length = max + 1","tests.api.user","Fri Jan 30 11:38:43 UTC 2026","skipped","Fri Jan 30 11:38:43 UTC 2026","TestUpdateUserApi","test_update_user","",""
"","0","[API] Update user should return 400_BAD_REQUEST when send update user request with invalid data. Case: 'address1' length = max + 1","tests.api.user","Fri Jan 30 11:38:43 UTC 2026","skipped","Fri Jan 30 11:38:43 UTC 2026","TestUpdateUserApi","test_update_user","",""
"","337","[API] Create user should return 200_OK when send create user request with valid data. Case: 'last_name' length = max","tests.api.user","Fri Jan 30 11:38:12 UTC 2026","passed","Fri Jan 30 11:38:13 UTC 2026","TestCreateUserApi","test_create_user","",""
"","0","[API] Update user should return 400_BAD_REQUEST when send update user request with invalid data. Case: 'email' contains text after domain","tests.api.user","Fri Jan 30 11:38:43 UTC 2026","skipped","Fri Jan 30 11:38:43 UTC 2026","TestUpdateUserApi","test_update_user","",""
"","0","[API] Update user should return 400_BAD_REQUEST when send update user request with invalid data. Case: 'company' length = max + 1","tests.api.user","Fri Jan 30 11:38:43 UTC 2026","skipped","Fri Jan 30 11:38:43 UTC 2026","TestUpdateUserApi","test_update_user","",""
"","0","[API] Create user should return 400_BAD_REQUEST when send create user request with invalid data. Case: 'birth_year' is invalid positive","tests.api.user","Fri Jan 30 11:38:15 UTC 2026","skipped","Fri Jan 30 11:38:15 UTC 2026","TestCreateUserApi","test_create_user","",""
"","0","[API] Create user should return 400_BAD_REQUEST when send create user request with invalid data. Case: 'birth_month' is negative","tests.api.user","Fri Jan 30 11:38:15 UTC 2026","skipped","Fri Jan 30 11:38:15 UTC 2026","TestCreateUserApi","test_create_user","",""
"","516","[API] Update user should return 200_OK when send update user request with valid data. Case: 'zipcode' length = max - 1","tests.api.user","Fri Jan 30 11:38:40 UTC 2026","passed","Fri Jan 30 11:38:40 UTC 2026","TestUpdateUserApi","test_update_user","",""
"","0","[API] Update user should return 400_BAD_REQUEST when send update user request with invalid data. Case: 'zipcode' length = min - 1","tests.api.user","Fri Jan 30 11:38:43 UTC 2026","skipped","Fri Jan 30 11:38:43 UTC 2026","TestUpdateUserApi","test_update_user","",""
"","498","[API] Update user should return 200_OK when send update user request with valid data. Case: 'zipcode' length = min + 1","tests.api.user","Fri Jan 30 11:38:39 UTC 2026","passed","Fri Jan 30 11:38:39 UTC 2026","TestUpdateUserApi","test_update_user","",""
"","0","[API] Update user should return 400_BAD_REQUEST when send update user request with invalid data. Case: 'email' contains domain with one letter","tests.api.user","Fri Jan 30 11:38:43 UTC 2026","skipped","Fri Jan 30 11:38:43 UTC 2026","TestUpdateUserApi","test_update_user","",""
"","0","[API] Update user should return 400_BAD_REQUEST when send update user request with invalid data. Case: 'address1' is empty","tests.api.user","Fri Jan 30 11:38:43 UTC 2026","skipped","Fri Jan 30 11:38:43 UTC 2026","TestUpdateUserApi","test_update_user","",""
"","0","[API] Update user should return 400_BAD_REQUEST when send update user request with invalid data. Case: 'birth_month' is invalid positive","tests.api.user","Fri Jan 30 11:38:43 UTC 2026","skipped","Fri Jan 30 11:38:43 UTC 2026","TestUpdateUserApi","test_update_user","",""
"","0","[API] Create user should return 400_BAD_REQUEST when send create user request with invalid data. Case: 'address2' length = min - 1","tests.api.user","Fri Jan 30 11:38:15 UTC 2026","skipped","Fri Jan 30 11:38:15 UTC 2026","TestCreateUserApi","test_create_user","",""
"","0","[API] Create user should return 400_BAD_REQUEST when send create user request with invalid data. Case: 'city' length = min - 1","tests.api.user","Fri Jan 30 11:38:15 UTC 2026","skipped","Fri Jan 30 11:38:15 UTC 2026","TestCreateUserApi","test_create_user","",""
"","183","[API] Create user should return 400_BAD_REQUEST when send create user request with existing email","tests.api.user","Fri Jan 30 11:38:16 UTC 2026","passed","Fri Jan 30 11:38:16 UTC 2026","TestCreateUserApi","test_create_user","",""
"","0","[API] Create user should return 400_BAD_REQUEST when send create user request with invalid data. Case: 'mobile_number' is absent","tests.api.user","Fri Jan 30 11:38:15 UTC 2026","skipped","Fri Jan 30 11:38:15 UTC 2026","TestCreateUserApi","test_create_user","",""
"","0","[API] Update user should return 400_BAD_REQUEST when send update user request with invalid data. Case: 'zipcode' is absent","tests.api.user","Fri Jan 30 11:38:43 UTC 2026","skipped","Fri Jan 30 11:38:43 UTC 2026","TestUpdateUserApi","test_update_user","",""
"","270","[API] Update user should return 200_OK when send update user request with valid data. Case: 'address2' length = min","tests.api.user","Fri Jan 30 11:38:34 UTC 2026","passed","Fri Jan 30 11:38:34 UTC 2026","TestUpdateUserApi","test_update_user","",""
"","374","[API] Update user should return 200_OK when send update user request with valid data. Case: 'company' length = min + 1","tests.api.user","Fri Jan 30 11:38:34 UTC 2026","passed","Fri Jan 30 11:38:35 UTC 2026","TestUpdateUserApi","test_update_user","",""
"","0","[API] Update user should return 400_BAD_REQUEST when send update user request with invalid data. Case: 'address1' length = min - 1","tests.api.user","Fri Jan 30 11:38:43 UTC 2026","skipped","Fri Jan 30 11:38:43 UTC 2026","TestUpdateUserApi","test_update_user","",""
"","0","[API] Update user should return 400_BAD_REQUEST when send update user request with invalid data. Case: 'first_name' is absent","tests.api.user","Fri Jan 30 11:38:43 UTC 2026","skipped","Fri Jan 30 11:38:43 UTC 2026","TestUpdateUserApi","test_update_user","",""
"","323","[API] Update user should return 200_OK when send update user request with valid data. Case: 'address2' length = min + 1","tests.api.user","Fri Jan 30 11:38:35 UTC 2026","passed","Fri Jan 30 11:38:35 UTC 2026","TestUpdateUserApi","test_update_user","",""
"","0","[API] Create user should return 400_BAD_REQUEST when send create user request with invalid data. Case: 'email' is empty","tests.api.user","Fri Jan 30 11:38:15 UTC 2026","skipped","Fri Jan 30 11:38:15 UTC 2026","TestCreateUserApi","test_create_user","",""
"","162","[API] Create user should return 200_OK when send create user request with valid data. Case: 'zipcode' length = max","tests.api.user","Fri Jan 30 11:38:15 UTC 2026","failed","Fri Jan 30 11:38:15 UTC 2026","TestCreateUserApi","test_create_user","",""
